knn_score,sv_score,nb_score
0.9881355932203392,0.9881355932203392,0.9779661016949152
